﻿<error errorId="92796a7e-bcef-49d2-931e-127b3113fc03" application="ITOpsAutomation.O365Support.Api" host="LAPTOP-4OEKGC94" type="Microsoft.Graph.ServiceException" message="Code: ResourceNotFound&#xD;&#xA;Message: Resource could not be discovered.&#xD;&#xA;Inner error:&#xD;&#xA;	AdditionalData:&#xD;&#xA;	date: 2020-08-27T21:39:51&#xD;&#xA;	request-id: 5cc030cd-6b75-4d5b-ac98-55978127ea50&#xD;&#xA;ClientRequestId: 5cc030cd-6b75-4d5b-ac98-55978127ea50&#xD;&#xA;" source="ITOpsAutomation.O365Support.Api" detail="# caller: @C:\Sources\ElmahCore\ElmahCore\Internal$\CallerInfo.cs:10&#xD;&#xA;Status Code: NotFound&#xD;&#xA;Microsoft.Graph.ServiceException: Code: ResourceNotFound&#xD;&#xA;Message: Resource could not be discovered.&#xD;&#xA;Inner error:&#xD;&#xA;	AdditionalData:&#xD;&#xA;	date: 2020-08-27T21:39:51&#xD;&#xA;	request-id: 5cc030cd-6b75-4d5b-ac98-55978127ea50&#xD;&#xA;ClientRequestId: 5cc030cd-6b75-4d5b-ac98-55978127ea50&#xD;&#xA;&#xD;&#xA;   at ITOpsAutomation.O365Support.Api.Controllers.ExchangeOnlineController.CreateContact(String ownerEmail, Contact contact) in H:\Office\Projects\Test041\O365Support\o365-support-service\Code\ITOpsAutomation.O365Support.Api\Controllers\ExchangeOnlineController.cs:line 148&#xD;&#xA;   at Microsoft.AspNetCore.Mvc.Infrastructure.ActionMethodExecutor.TaskOfIActionResultExecutor.Execute(IActionResultTypeMapper mapper, ObjectMethodExecutor executor, Object controller, Object[] arguments)&#xD;&#xA;   at Microsoft.AspNetCore.Mvc.Infrastructure.ControllerActionInvoker.&lt;InvokeActionMethodAsync&gt;g__Logged|12_1(ControllerActionInvoker invoker)&#xD;&#xA;   at Microsoft.AspNetCore.Mvc.Infrastructure.ControllerActionInvoker.&lt;InvokeNextActionFilterAsync&gt;g__Awaited|10_0(ControllerActionInvoker invoker, Task lastTask, State next, Scope scope, Object state, Boolean isCompleted)&#xD;&#xA;   at Microsoft.AspNetCore.Mvc.Infrastructure.ControllerActionInvoker.Rethrow(ActionExecutedContextSealed context)&#xD;&#xA;   at Microsoft.AspNetCore.Mvc.Infrastructure.ControllerActionInvoker.Next(State&amp; next, Scope&amp; scope, Object&amp; state, Boolean&amp; isCompleted)&#xD;&#xA;   at Microsoft.AspNetCore.Mvc.Infrastructure.ControllerActionInvoker.&lt;InvokeInnerFilterAsync&gt;g__Awaited|13_0(ControllerActionInvoker invoker, Task lastTask, State next, Scope scope, Object state, Boolean isCompleted)&#xD;&#xA;   at Microsoft.AspNetCore.Mvc.Infrastructure.ResourceInvoker.&lt;InvokeNextExceptionFilterAsync&gt;g__Awaited|25_0(ResourceInvoker invoker, Task lastTask, State next, Scope scope, Object state, Boolean isCompleted)&#xD;&#xA;   at Microsoft.AspNetCore.Mvc.Infrastructure.ResourceInvoker.Rethrow(ExceptionContextSealed context)&#xD;&#xA;   at Microsoft.AspNetCore.Mvc.Infrastructure.ResourceInvoker.Next(State&amp; next, Scope&amp; scope, Object&amp; state, Boolean&amp; isCompleted)&#xD;&#xA;   at Microsoft.AspNetCore.Mvc.Infrastructure.ResourceInvoker.&lt;InvokeFilterPipelineAsync&gt;g__Awaited|19_0(ResourceInvoker invoker, Task lastTask, State next, Scope scope, Object state, Boolean isCompleted)&#xD;&#xA;   at Microsoft.AspNetCore.Mvc.Infrastructure.ResourceInvoker.&lt;InvokeAsync&gt;g__Logged|17_1(ResourceInvoker invoker)&#xD;&#xA;   at Microsoft.AspNetCore.Routing.EndpointMiddleware.&lt;Invoke&gt;g__AwaitRequestTask|6_0(Endpoint endpoint, Task requestTask, ILogger logger)&#xD;&#xA;   at ElmahCore.Mvc.ErrorLogMiddleware.Invoke(HttpContext context, Func`1 next)" time="2020-08-27T21:40:17.5118339Z">
  <serverVariables>
    <item name="HttpVersion">
      <value string="2.0" />
    </item>
    <item name="Scheme">
      <value string="https" />
    </item>
    <item name="Method">
      <value string="POST" />
    </item>
    <item name="PathBase">
      <value string="" />
    </item>
    <item name="Path">
      <value string="/api/exchangeonline/createcontact/ArunDemoUser@Testenvhexa.com" />
    </item>
    <item name="QueryString">
      <value string="" />
    </item>
    <item name="RawTarget">
      <value string="/api/exchangeonline/createcontact/ArunDemoUser@Testenvhexa.com" />
    </item>
    <item name="HasResponseStarted">
      <value string="False" />
    </item>
    <item name="RemoteIpAddress" />
    <item name="RemotePort">
      <value string="0" />
    </item>
    <item name="LocalIpAddress" />
    <item name="LocalPort">
      <value string="0" />
    </item>
    <item name="RequestConnectionId" />
    <item name="TraceIdentifier">
      <value string="800000af-0002-f800-b63f-84710c7967bb" />
    </item>
    <item name="RequestBody">
      <value string="Microsoft.AspNetCore.Server.IIS.Core.HttpRequestStream" />
    </item>
    <item name="ResponseBody">
      <value string="Microsoft.AspNetCore.Server.IIS.Core.HttpResponseStream" />
    </item>
    <item name="ResponsePipeWrapper" />
    <item name="Header_Accept">
      <value string="application/json, text/plain, */*" />
    </item>
    <item name="Header_Accept-Encoding">
      <value string="gzip, deflate, br" />
    </item>
    <item name="Header_Accept-Language">
      <value string="en-US,en;q=0.9" />
    </item>
    <item name="Header_Connection">
      <value string="close" />
    </item>
    <item name="Header_Content-Length">
      <value string="159" />
    </item>
    <item name="Header_Content-Type">
      <value string="application/json" />
    </item>
    <item name="Header_Host">
      <value string="localhost:44367" />
    </item>
    <item name="Header_Referer">
      <value string="http://localhost:4200/" />
    </item>
    <item name="Header_User-Agent">
      <value string="Mozilla/5.0 (Windows NT 10.0; Win64; x64) AppleWebKit/537.36 (KHTML, like Gecko) Chrome/84.0.4147.135 Safari/537.36 Edg/84.0.522.63" />
    </item>
    <item name="Header_clientid">
      <value string="06c151fe-f63f-4070-8fdf-53b26246fb19" />
    </item>
    <item name="Header_clientsecret">
      <value string="QYLTmQiBf02zK3w454W2i__e2gQ-3_Nc-H" />
    </item>
    <item name="Header_tenantid">
      <value string="fbe96831-3e8d-40c2-b251-ee6bffb21e31" />
    </item>
    <item name="Header_origin">
      <value string="http://localhost:4200" />
    </item>
    <item name="Header_sec-fetch-site">
      <value string="cross-site" />
    </item>
    <item name="Header_sec-fetch-mode">
      <value string="cors" />
    </item>
    <item name="Header_sec-fetch-dest">
      <value string="empty" />
    </item>
    <item name="MaxRequestBodySize">
      <value string="30000000" />
    </item>
    <item name="StatusCode">
      <value string="200" />
    </item>
    <item name="ReasonPhrase" />
    <item name="User_ClaimsPrincipalSelector" />
    <item name="User_Current" />
    <item name="Connection_Id">
      <value string="17870283331606675630" />
    </item>
    <item name="Connection_RemoteIpAddress">
      <value string="::1" />
    </item>
    <item name="Connection_RemotePort">
      <value string="59937" />
    </item>
    <item name="Connection_LocalIpAddress">
      <value string="::1" />
    </item>
    <item name="Connection_LocalPort">
      <value string="44367" />
    </item>
    <item name="Connection_ClientCertificate" />
    <item name="HttpStatusCode">
      <value string="0" />
    </item>
  </serverVariables>
</error>