﻿<error errorId="05eb92d7-e61e-4af9-b5dd-de1749efaf2f" application="ITOpsAutomation.O365Support.Api" host="LAPTOP-4OEKGC94" type="Microsoft.Graph.ServiceException" message="Code: Request_BadRequest&#xD;&#xA;Message: Another object with the same value for property userPrincipalName already exists.&#xD;&#xA;Details:&#xD;&#xA;	Detail0:&#xD;&#xA;		Code: ObjectConflict&#xD;&#xA;		Target: userPrincipalName&#xD;&#xA;&#xD;&#xA;Inner error:&#xD;&#xA;	AdditionalData:&#xD;&#xA;	date: 2020-08-26T00:24:09&#xD;&#xA;	request-id: a9ba6dff-633e-4597-b467-37e0b3c10176&#xD;&#xA;ClientRequestId: a9ba6dff-633e-4597-b467-37e0b3c10176&#xD;&#xA;" source="ITOpsAutomation.O365Support.Business" detail="# caller: @C:\Sources\ElmahCore\ElmahCore\Internal$\CallerInfo.cs:10&#xD;&#xA;Status Code: BadRequest&#xD;&#xA;Microsoft.Graph.ServiceException: Code: Request_BadRequest&#xD;&#xA;Message: Another object with the same value for property userPrincipalName already exists.&#xD;&#xA;Details:&#xD;&#xA;	Detail0:&#xD;&#xA;		Code: ObjectConflict&#xD;&#xA;		Target: userPrincipalName&#xD;&#xA;&#xD;&#xA;Inner error:&#xD;&#xA;	AdditionalData:&#xD;&#xA;	date: 2020-08-26T00:24:09&#xD;&#xA;	request-id: a9ba6dff-633e-4597-b467-37e0b3c10176&#xD;&#xA;ClientRequestId: a9ba6dff-633e-4597-b467-37e0b3c10176&#xD;&#xA;&#xD;&#xA;   at ITOpsAutomation.O365Support.Business.Services.ExchangeOnlineService.CreateUser(AzureAD azureAD, User userInfo) in H:\Office\Projects\Test041\O365Support\o365-support-service\Code\ITOpsAutomation.O365Support.Business\Services\ExchangeOnlineService.cs:line 90&#xD;&#xA;   at ITOpsAutomation.O365Support.Api.Controllers.ExchangeOnlineController.CreateUser(User user) in H:\Office\Projects\Test041\O365Support\o365-support-service\Code\ITOpsAutomation.O365Support.Api\Controllers\ExchangeOnlineController.cs:line 45&#xD;&#xA;   at Microsoft.AspNetCore.Mvc.Infrastructure.ActionMethodExecutor.TaskOfIActionResultExecutor.Execute(IActionResultTypeMapper mapper, ObjectMethodExecutor executor, Object controller, Object[] arguments)&#xD;&#xA;   at Microsoft.AspNetCore.Mvc.Infrastructure.ControllerActionInvoker.&lt;InvokeActionMethodAsync&gt;g__Logged|12_1(ControllerActionInvoker invoker)&#xD;&#xA;   at Microsoft.AspNetCore.Mvc.Infrastructure.ControllerActionInvoker.&lt;InvokeNextActionFilterAsync&gt;g__Awaited|10_0(ControllerActionInvoker invoker, Task lastTask, State next, Scope scope, Object state, Boolean isCompleted)&#xD;&#xA;   at Microsoft.AspNetCore.Mvc.Infrastructure.ControllerActionInvoker.Rethrow(ActionExecutedContextSealed context)&#xD;&#xA;   at Microsoft.AspNetCore.Mvc.Infrastructure.ControllerActionInvoker.Next(State&amp; next, Scope&amp; scope, Object&amp; state, Boolean&amp; isCompleted)&#xD;&#xA;   at Microsoft.AspNetCore.Mvc.Infrastructure.ControllerActionInvoker.&lt;InvokeInnerFilterAsync&gt;g__Awaited|13_0(ControllerActionInvoker invoker, Task lastTask, State next, Scope scope, Object state, Boolean isCompleted)&#xD;&#xA;   at Microsoft.AspNetCore.Mvc.Infrastructure.ResourceInvoker.&lt;InvokeNextExceptionFilterAsync&gt;g__Awaited|25_0(ResourceInvoker invoker, Task lastTask, State next, Scope scope, Object state, Boolean isCompleted)&#xD;&#xA;   at Microsoft.AspNetCore.Mvc.Infrastructure.ResourceInvoker.Rethrow(ExceptionContextSealed context)&#xD;&#xA;   at Microsoft.AspNetCore.Mvc.Infrastructure.ResourceInvoker.Next(State&amp; next, Scope&amp; scope, Object&amp; state, Boolean&amp; isCompleted)&#xD;&#xA;   at Microsoft.AspNetCore.Mvc.Infrastructure.ResourceInvoker.&lt;InvokeFilterPipelineAsync&gt;g__Awaited|19_0(ResourceInvoker invoker, Task lastTask, State next, Scope scope, Object state, Boolean isCompleted)&#xD;&#xA;   at Microsoft.AspNetCore.Mvc.Infrastructure.ResourceInvoker.&lt;InvokeAsync&gt;g__Logged|17_1(ResourceInvoker invoker)&#xD;&#xA;   at Microsoft.AspNetCore.Routing.EndpointMiddleware.&lt;Invoke&gt;g__AwaitRequestTask|6_0(Endpoint endpoint, Task requestTask, ILogger logger)&#xD;&#xA;   at ElmahCore.Mvc.ErrorLogMiddleware.Invoke(HttpContext context, Func`1 next)" time="2020-08-26T00:23:32.2173342Z">
  <serverVariables>
    <item name="HttpVersion">
      <value string="2.0" />
    </item>
    <item name="Scheme">
      <value string="https" />
    </item>
    <item name="Method">
      <value string="POST" />
    </item>
    <item name="PathBase">
      <value string="" />
    </item>
    <item name="Path">
      <value string="/api/exchangeonline/createuser" />
    </item>
    <item name="QueryString">
      <value string="" />
    </item>
    <item name="RawTarget">
      <value string="/api/exchangeonline/createuser" />
    </item>
    <item name="HasResponseStarted">
      <value string="False" />
    </item>
    <item name="RemoteIpAddress" />
    <item name="RemotePort">
      <value string="0" />
    </item>
    <item name="LocalIpAddress" />
    <item name="LocalPort">
      <value string="0" />
    </item>
    <item name="RequestConnectionId" />
    <item name="TraceIdentifier">
      <value string="80000011-0002-f500-b63f-84710c7967bb" />
    </item>
    <item name="RequestBody">
      <value string="Microsoft.AspNetCore.Server.IIS.Core.HttpRequestStream" />
    </item>
    <item name="ResponseBody">
      <value string="Microsoft.AspNetCore.Server.IIS.Core.HttpResponseStream" />
    </item>
    <item name="ResponsePipeWrapper" />
    <item name="Header_Accept">
      <value string="application/json, text/plain, */*" />
    </item>
    <item name="Header_Accept-Encoding">
      <value string="gzip, deflate, br" />
    </item>
    <item name="Header_Accept-Language">
      <value string="en-US,en;q=0.9" />
    </item>
    <item name="Header_Connection">
      <value string="close" />
    </item>
    <item name="Header_Content-Length">
      <value string="146" />
    </item>
    <item name="Header_Content-Type">
      <value string="application/json" />
    </item>
    <item name="Header_Host">
      <value string="localhost:44367" />
    </item>
    <item name="Header_Referer">
      <value string="http://localhost:4200/" />
    </item>
    <item name="Header_User-Agent">
      <value string="Mozilla/5.0 (Windows NT 10.0; Win64; x64) AppleWebKit/537.36 (KHTML, like Gecko) Chrome/84.0.4147.135 Safari/537.36 Edg/84.0.522.63" />
    </item>
    <item name="Header_origin">
      <value string="http://localhost:4200" />
    </item>
    <item name="Header_sec-fetch-site">
      <value string="cross-site" />
    </item>
    <item name="Header_sec-fetch-mode">
      <value string="cors" />
    </item>
    <item name="Header_sec-fetch-dest">
      <value string="empty" />
    </item>
    <item name="MaxRequestBodySize">
      <value string="30000000" />
    </item>
    <item name="StatusCode">
      <value string="200" />
    </item>
    <item name="ReasonPhrase" />
    <item name="User_ClaimsPrincipalSelector" />
    <item name="User_Current" />
    <item name="Connection_Id">
      <value string="17654110549492891664" />
    </item>
    <item name="Connection_RemoteIpAddress">
      <value string="::1" />
    </item>
    <item name="Connection_RemotePort">
      <value string="51321" />
    </item>
    <item name="Connection_LocalIpAddress">
      <value string="::1" />
    </item>
    <item name="Connection_LocalPort">
      <value string="44367" />
    </item>
    <item name="Connection_ClientCertificate" />
    <item name="HttpStatusCode">
      <value string="0" />
    </item>
  </serverVariables>
</error>