﻿<error errorId="408f205d-968f-497b-ac1b-254df5371226" application="ITOpsAutomation.O365Support.Api" host="LAPTOP-4OEKGC94" type="HTTP" message="NotFound" detail="# caller: @C:\Sources\ElmahCore\ElmahCore\Internal$\CallerInfo.cs:10&#xD;&#xA;ElmahCore.HttpException: NotFound" time="2020-08-26T00:10:22.5372573Z" statusCode="404">
  <serverVariables>
    <item name="HttpVersion">
      <value string="2.0" />
    </item>
    <item name="Scheme">
      <value string="https" />
    </item>
    <item name="Method">
      <value string="POST" />
    </item>
    <item name="PathBase">
      <value string="" />
    </item>
    <item name="Path">
      <value string="/api/exchangeonline/deleteuser" />
    </item>
    <item name="QueryString">
      <value string="" />
    </item>
    <item name="RawTarget">
      <value string="/api/exchangeonline/deleteuser" />
    </item>
    <item name="HasResponseStarted">
      <value string="False" />
    </item>
    <item name="RemoteIpAddress" />
    <item name="RemotePort">
      <value string="0" />
    </item>
    <item name="LocalIpAddress" />
    <item name="LocalPort">
      <value string="0" />
    </item>
    <item name="RequestConnectionId" />
    <item name="TraceIdentifier" />
    <item name="RequestBody">
      <value string="Microsoft.AspNetCore.Server.IIS.Core.HttpRequestStream" />
    </item>
    <item name="ResponseBody">
      <value string="Microsoft.AspNetCore.Server.IIS.Core.HttpResponseStream" />
    </item>
    <item name="ResponsePipeWrapper" />
    <item name="Header_Accept">
      <value string="application/json, text/plain, */*" />
    </item>
    <item name="Header_Accept-Encoding">
      <value string="gzip, deflate, br" />
    </item>
    <item name="Header_Accept-Language">
      <value string="en-US,en;q=0.9" />
    </item>
    <item name="Header_Connection">
      <value string="close" />
    </item>
    <item name="Header_Content-Length">
      <value string="32" />
    </item>
    <item name="Header_Content-Type">
      <value string="application/json" />
    </item>
    <item name="Header_Host">
      <value string="localhost:44367" />
    </item>
    <item name="Header_Referer">
      <value string="http://localhost:4200/" />
    </item>
    <item name="Header_User-Agent">
      <value string="Mozilla/5.0 (Windows NT 10.0; Win64; x64) AppleWebKit/537.36 (KHTML, like Gecko) Chrome/84.0.4147.135 Safari/537.36 Edg/84.0.522.63" />
    </item>
    <item name="Header_origin">
      <value string="http://localhost:4200" />
    </item>
    <item name="Header_sec-fetch-site">
      <value string="cross-site" />
    </item>
    <item name="Header_sec-fetch-mode">
      <value string="cors" />
    </item>
    <item name="Header_sec-fetch-dest">
      <value string="empty" />
    </item>
    <item name="MaxRequestBodySize">
      <value string="30000000" />
    </item>
    <item name="StatusCode">
      <value string="404" />
    </item>
    <item name="ReasonPhrase" />
    <item name="User_ClaimsPrincipalSelector" />
    <item name="User_Current" />
    <item name="Connection_Id">
      <value string="18230571306091282659" />
    </item>
    <item name="Connection_RemoteIpAddress">
      <value string="::1" />
    </item>
    <item name="Connection_RemotePort">
      <value string="49939" />
    </item>
    <item name="Connection_LocalIpAddress">
      <value string="::1" />
    </item>
    <item name="Connection_LocalPort">
      <value string="44367" />
    </item>
    <item name="Connection_ClientCertificate" />
    <item name="HttpStatusCode">
      <value string="404" />
    </item>
  </serverVariables>
</error>