﻿<error errorId="70d50635-3944-4e4f-91d5-af9c884a5557" application="ITOpsAutomation.O365Support.Api" host="LAPTOP-4OEKGC94" type="HTTP" message="MethodNotAllowed" detail="# caller: @C:\Sources\ElmahCore\ElmahCore\Internal$\CallerInfo.cs:10&#xD;&#xA;ElmahCore.HttpException: MethodNotAllowed" time="2020-08-27T10:24:18.2863870Z" statusCode="405">
  <serverVariables>
    <item name="HttpVersion">
      <value string="1.1" />
    </item>
    <item name="Scheme">
      <value string="https" />
    </item>
    <item name="Method">
      <value string="GET" />
    </item>
    <item name="PathBase">
      <value string="" />
    </item>
    <item name="Path">
      <value string="/api/ExchangeOnline/UserById/909187ab-2aac-4820-b684-52b5982fe987" />
    </item>
    <item name="QueryString">
      <value string="" />
    </item>
    <item name="RawTarget">
      <value string="/api/ExchangeOnline/UserById/909187ab-2aac-4820-b684-52b5982fe987" />
    </item>
    <item name="HasResponseStarted">
      <value string="False" />
    </item>
    <item name="RemoteIpAddress" />
    <item name="RemotePort">
      <value string="0" />
    </item>
    <item name="LocalIpAddress" />
    <item name="LocalPort">
      <value string="0" />
    </item>
    <item name="RequestConnectionId" />
    <item name="TraceIdentifier" />
    <item name="RequestBody">
      <value string="Microsoft.AspNetCore.Server.IIS.Core.HttpRequestStream" />
    </item>
    <item name="ResponseBody">
      <value string="Microsoft.AspNetCore.Server.IIS.Core.HttpResponseStream" />
    </item>
    <item name="ResponsePipeWrapper" />
    <item name="Header_Accept">
      <value string="*/*" />
    </item>
    <item name="Header_Accept-Encoding">
      <value string="gzip, deflate" />
    </item>
    <item name="Header_Cache-Control">
      <value string="no-cache" />
    </item>
    <item name="Header_Connection">
      <value string="keep-alive" />
    </item>
    <item name="Header_Host">
      <value string="localhost:44367" />
    </item>
    <item name="Header_User-Agent">
      <value string="PostmanRuntime/7.6.0" />
    </item>
    <item name="Header_clientId">
      <value string="06c151fe-f63f-4070-8fdf-53b26246fb19" />
    </item>
    <item name="Header_clientSecret">
      <value string="QYLTmQiBf02zK3w454W2i__e2gQ-3_Nc-H" />
    </item>
    <item name="Header_tenantId">
      <value string="fbe96831-3e8d-40c2-b251-ee6bffb21e31" />
    </item>
    <item name="Header_Postman-Token">
      <value string="f1199da2-4b30-4a19-9134-764b527ec410" />
    </item>
    <item name="ResponseHeaders_Allow">
      <value string="POST" />
    </item>
    <item name="MaxRequestBodySize">
      <value string="30000000" />
    </item>
    <item name="StatusCode">
      <value string="405" />
    </item>
    <item name="ReasonPhrase" />
    <item name="User_ClaimsPrincipalSelector" />
    <item name="User_Current" />
    <item name="Connection_Id">
      <value string="18158513703463419931" />
    </item>
    <item name="Connection_RemoteIpAddress">
      <value string="::1" />
    </item>
    <item name="Connection_RemotePort">
      <value string="61368" />
    </item>
    <item name="Connection_LocalIpAddress">
      <value string="::1" />
    </item>
    <item name="Connection_LocalPort">
      <value string="44367" />
    </item>
    <item name="Connection_ClientCertificate" />
    <item name="HttpStatusCode">
      <value string="405" />
    </item>
  </serverVariables>
</error>