﻿<error errorId="7e9ec2da-2090-4ded-8863-1b5889182967" application="ITOpsAutomation.O365Support.Api" host="LAPTOP-4OEKGC94" type="HTTP" message="MethodNotAllowed" detail="# caller: @C:\Sources\ElmahCore\ElmahCore\Internal$\CallerInfo.cs:10&#xD;&#xA;ElmahCore.HttpException: MethodNotAllowed" time="2020-08-25T22:27:23.6470527Z" statusCode="405">
  <serverVariables>
    <item name="HttpVersion">
      <value string="2.0" />
    </item>
    <item name="Scheme">
      <value string="https" />
    </item>
    <item name="Method">
      <value string="GET" />
    </item>
    <item name="PathBase">
      <value string="" />
    </item>
    <item name="Path">
      <value string="/api/ExchangeOnline/UserById/73786563-77eb-44b4-868f-c475e0d8c348" />
    </item>
    <item name="QueryString">
      <value string="" />
    </item>
    <item name="RawTarget">
      <value string="/api/ExchangeOnline/UserById/73786563-77eb-44b4-868f-c475e0d8c348" />
    </item>
    <item name="HasResponseStarted">
      <value string="False" />
    </item>
    <item name="RemoteIpAddress" />
    <item name="RemotePort">
      <value string="0" />
    </item>
    <item name="LocalIpAddress" />
    <item name="LocalPort">
      <value string="0" />
    </item>
    <item name="RequestConnectionId" />
    <item name="TraceIdentifier" />
    <item name="RequestBody">
      <value string="Microsoft.AspNetCore.Server.IIS.Core.HttpRequestStream" />
    </item>
    <item name="ResponseBody">
      <value string="Microsoft.AspNetCore.Server.IIS.Core.HttpResponseStream" />
    </item>
    <item name="ResponsePipeWrapper" />
    <item name="Header_Accept">
      <value string="text/html,application/xhtml+xml,application/xml;q=0.9,image/webp,image/apng,*/*;q=0.8,application/signed-exchange;v=b3;q=0.9" />
    </item>
    <item name="Header_Accept-Encoding">
      <value string="gzip, deflate, br" />
    </item>
    <item name="Header_Accept-Language">
      <value string="en-US,en;q=0.9" />
    </item>
    <item name="Header_Cache-Control">
      <value string="max-age=0" />
    </item>
    <item name="Header_Connection">
      <value string="close" />
    </item>
    <item name="Header_Host">
      <value string="localhost:44367" />
    </item>
    <item name="Header_User-Agent">
      <value string="Mozilla/5.0 (Windows NT 10.0; Win64; x64) AppleWebKit/537.36 (KHTML, like Gecko) Chrome/84.0.4147.135 Safari/537.36 Edg/84.0.522.63" />
    </item>
    <item name="Header_upgrade-insecure-requests">
      <value string="1" />
    </item>
    <item name="Header_sec-fetch-site">
      <value string="none" />
    </item>
    <item name="Header_sec-fetch-mode">
      <value string="navigate" />
    </item>
    <item name="Header_sec-fetch-user">
      <value string="?1" />
    </item>
    <item name="Header_sec-fetch-dest">
      <value string="document" />
    </item>
    <item name="ResponseHeaders_Allow">
      <value string="POST" />
    </item>
    <item name="MaxRequestBodySize">
      <value string="30000000" />
    </item>
    <item name="StatusCode">
      <value string="405" />
    </item>
    <item name="ReasonPhrase" />
    <item name="User_ClaimsPrincipalSelector" />
    <item name="User_Current" />
    <item name="Connection_Id">
      <value string="18230571293206380638" />
    </item>
    <item name="Connection_RemoteIpAddress">
      <value string="::1" />
    </item>
    <item name="Connection_RemotePort">
      <value string="59292" />
    </item>
    <item name="Connection_LocalIpAddress">
      <value string="::1" />
    </item>
    <item name="Connection_LocalPort">
      <value string="44367" />
    </item>
    <item name="Connection_ClientCertificate" />
    <item name="HttpStatusCode">
      <value string="405" />
    </item>
  </serverVariables>
</error>