﻿<error errorId="4d7a6f2b-66ff-4568-b95e-da3ec8d16f49" application="ITOpsAutomation.O365Support.Api" host="LAPTOP-4OEKGC94" type="Microsoft.Graph.ServiceException" message="Code: Request_BadRequest&#xD;&#xA;Message: Invalid value specified for property 'officeLocation' of resource 'User'.&#xD;&#xA;Details:&#xD;&#xA;	Detail0:&#xD;&#xA;		Code: InvalidLength&#xD;&#xA;		Target: officeLocation&#xD;&#xA;&#xD;&#xA;Inner error:&#xD;&#xA;	AdditionalData:&#xD;&#xA;	date: 2020-08-25T22:32:26&#xD;&#xA;	request-id: c7ff8ea6-638c-4e69-9afb-82c0ed367048&#xD;&#xA;ClientRequestId: c7ff8ea6-638c-4e69-9afb-82c0ed367048&#xD;&#xA;" source="ITOpsAutomation.O365Support.Business" detail="# caller: @C:\Sources\ElmahCore\ElmahCore\Internal$\CallerInfo.cs:10&#xD;&#xA;Status Code: BadRequest&#xD;&#xA;Microsoft.Graph.ServiceException: Code: Request_BadRequest&#xD;&#xA;Message: Invalid value specified for property 'officeLocation' of resource 'User'.&#xD;&#xA;Details:&#xD;&#xA;	Detail0:&#xD;&#xA;		Code: InvalidLength&#xD;&#xA;		Target: officeLocation&#xD;&#xA;&#xD;&#xA;Inner error:&#xD;&#xA;	AdditionalData:&#xD;&#xA;	date: 2020-08-25T22:32:26&#xD;&#xA;	request-id: c7ff8ea6-638c-4e69-9afb-82c0ed367048&#xD;&#xA;ClientRequestId: c7ff8ea6-638c-4e69-9afb-82c0ed367048&#xD;&#xA;&#xD;&#xA;   at ITOpsAutomation.O365Support.Business.Services.ExchangeOnlineService.CreateUser(AzureAD azureAD, User userInfo) in H:\Office\Projects\Test041\O365Support\o365-support-service\Code\ITOpsAutomation.O365Support.Business\Services\ExchangeOnlineService.cs:line 89&#xD;&#xA;   at ITOpsAutomation.O365Support.Api.Controllers.ExchangeOnlineController.CreateUser(User user) in H:\Office\Projects\Test041\O365Support\o365-support-service\Code\ITOpsAutomation.O365Support.Api\Controllers\ExchangeOnlineController.cs:line 45&#xD;&#xA;   at Microsoft.AspNetCore.Mvc.Infrastructure.ActionMethodExecutor.TaskOfIActionResultExecutor.Execute(IActionResultTypeMapper mapper, ObjectMethodExecutor executor, Object controller, Object[] arguments)&#xD;&#xA;   at Microsoft.AspNetCore.Mvc.Infrastructure.ControllerActionInvoker.&lt;InvokeActionMethodAsync&gt;g__Awaited|12_0(ControllerActionInvoker invoker, ValueTask`1 actionResultValueTask)&#xD;&#xA;   at Microsoft.AspNetCore.Mvc.Infrastructure.ControllerActionInvoker.&lt;InvokeNextActionFilterAsync&gt;g__Awaited|10_0(ControllerActionInvoker invoker, Task lastTask, State next, Scope scope, Object state, Boolean isCompleted)&#xD;&#xA;   at Microsoft.AspNetCore.Mvc.Infrastructure.ControllerActionInvoker.Rethrow(ActionExecutedContextSealed context)&#xD;&#xA;   at Microsoft.AspNetCore.Mvc.Infrastructure.ControllerActionInvoker.Next(State&amp; next, Scope&amp; scope, Object&amp; state, Boolean&amp; isCompleted)&#xD;&#xA;   at Microsoft.AspNetCore.Mvc.Infrastructure.ControllerActionInvoker.&lt;InvokeInnerFilterAsync&gt;g__Awaited|13_0(ControllerActionInvoker invoker, Task lastTask, State next, Scope scope, Object state, Boolean isCompleted)&#xD;&#xA;   at Microsoft.AspNetCore.Mvc.Infrastructure.ResourceInvoker.&lt;InvokeNextExceptionFilterAsync&gt;g__Awaited|25_0(ResourceInvoker invoker, Task lastTask, State next, Scope scope, Object state, Boolean isCompleted)&#xD;&#xA;   at Microsoft.AspNetCore.Mvc.Infrastructure.ResourceInvoker.Rethrow(ExceptionContextSealed context)&#xD;&#xA;   at Microsoft.AspNetCore.Mvc.Infrastructure.ResourceInvoker.Next(State&amp; next, Scope&amp; scope, Object&amp; state, Boolean&amp; isCompleted)&#xD;&#xA;   at Microsoft.AspNetCore.Mvc.Infrastructure.ResourceInvoker.&lt;InvokeFilterPipelineAsync&gt;g__Awaited|19_0(ResourceInvoker invoker, Task lastTask, State next, Scope scope, Object state, Boolean isCompleted)&#xD;&#xA;   at Microsoft.AspNetCore.Mvc.Infrastructure.ResourceInvoker.&lt;InvokeAsync&gt;g__Awaited|17_0(ResourceInvoker invoker, Task task, IDisposable scope)&#xD;&#xA;   at Microsoft.AspNetCore.Routing.EndpointMiddleware.&lt;Invoke&gt;g__AwaitRequestTask|6_0(Endpoint endpoint, Task requestTask, ILogger logger)&#xD;&#xA;   at ElmahCore.Mvc.ErrorLogMiddleware.Invoke(HttpContext context, Func`1 next)" time="2020-08-25T22:31:51.2098387Z">
  <serverVariables>
    <item name="HttpVersion">
      <value string="2.0" />
    </item>
    <item name="Scheme">
      <value string="https" />
    </item>
    <item name="Method">
      <value string="POST" />
    </item>
    <item name="PathBase">
      <value string="" />
    </item>
    <item name="Path">
      <value string="/api/ExchangeOnline/CreateUser" />
    </item>
    <item name="QueryString">
      <value string="" />
    </item>
    <item name="RawTarget">
      <value string="/api/ExchangeOnline/CreateUser" />
    </item>
    <item name="HasResponseStarted">
      <value string="False" />
    </item>
    <item name="RemoteIpAddress" />
    <item name="RemotePort">
      <value string="0" />
    </item>
    <item name="LocalIpAddress" />
    <item name="LocalPort">
      <value string="0" />
    </item>
    <item name="RequestConnectionId" />
    <item name="TraceIdentifier" />
    <item name="RequestBody">
      <value string="Microsoft.AspNetCore.Server.IIS.Core.HttpRequestStream" />
    </item>
    <item name="ResponseBody">
      <value string="Microsoft.AspNetCore.Server.IIS.Core.HttpResponseStream" />
    </item>
    <item name="ResponsePipeWrapper" />
    <item name="Header_Accept">
      <value string="application/json" />
    </item>
    <item name="Header_Accept-Encoding">
      <value string="gzip, deflate, br" />
    </item>
    <item name="Header_Accept-Language">
      <value string="en-US,en;q=0.9" />
    </item>
    <item name="Header_Connection">
      <value string="close" />
    </item>
    <item name="Header_Content-Length">
      <value string="337" />
    </item>
    <item name="Header_Content-Type">
      <value string="application/json" />
    </item>
    <item name="Header_Host">
      <value string="localhost:44367" />
    </item>
    <item name="Header_Referer">
      <value string="https://localhost:44367/swagger/index.html" />
    </item>
    <item name="Header_User-Agent">
      <value string="Mozilla/5.0 (Windows NT 10.0; Win64; x64) AppleWebKit/537.36 (KHTML, like Gecko) Chrome/84.0.4147.135 Safari/537.36 Edg/84.0.522.63" />
    </item>
    <item name="Header_origin">
      <value string="https://localhost:44367" />
    </item>
    <item name="Header_sec-fetch-site">
      <value string="same-origin" />
    </item>
    <item name="Header_sec-fetch-mode">
      <value string="cors" />
    </item>
    <item name="Header_sec-fetch-dest">
      <value string="empty" />
    </item>
    <item name="MaxRequestBodySize">
      <value string="30000000" />
    </item>
    <item name="StatusCode">
      <value string="200" />
    </item>
    <item name="ReasonPhrase" />
    <item name="User_ClaimsPrincipalSelector" />
    <item name="User_Current" />
    <item name="Connection_Id">
      <value string="17654110549492891651" />
    </item>
    <item name="Connection_RemoteIpAddress">
      <value string="::1" />
    </item>
    <item name="Connection_RemotePort">
      <value string="60074" />
    </item>
    <item name="Connection_LocalIpAddress">
      <value string="::1" />
    </item>
    <item name="Connection_LocalPort">
      <value string="44367" />
    </item>
    <item name="Connection_ClientCertificate" />
    <item name="HttpStatusCode">
      <value string="0" />
    </item>
  </serverVariables>
</error>