﻿<error errorId="39581dad-e724-49cd-b95e-98df938d3fed" application="ITOpsAutomation.O365Support.Api" host="LTCH-LR0D476B" type="System.Text.Json.JsonException" message="A possible object cycle was detected which is not supported. This can either be due to a cycle or if the object depth is larger than the maximum allowed depth of 32." source="System.Text.Json" detail="# caller: @C:\Sources\ElmahCore\ElmahCore\Internal$\CallerInfo.cs:10&#xD;&#xA;System.Text.Json.JsonException: A possible object cycle was detected which is not supported. This can either be due to a cycle or if the object depth is larger than the maximum allowed depth of 32.&#xD;&#xA;   at System.Text.Json.ThrowHelper.ThrowInvalidOperationException_SerializerCycleDetected(Int32 maxDepth)&#xD;&#xA;   at System.Text.Json.JsonSerializer.Write(Utf8JsonWriter writer, Int32 originalWriterDepth, Int32 flushThreshold, JsonSerializerOptions options, WriteStack&amp; state)&#xD;&#xA;   at System.Text.Json.JsonSerializer.WriteAsyncCore(Stream utf8Json, Object value, Type inputType, JsonSerializerOptions options, CancellationToken cancellationToken)&#xD;&#xA;   at Microsoft.AspNetCore.Mvc.Formatters.SystemTextJsonOutputFormatter.WriteResponseBodyAsync(OutputFormatterWriteContext context, Encoding selectedEncoding)&#xD;&#xA;   at Microsoft.AspNetCore.Mvc.Formatters.SystemTextJsonOutputFormatter.WriteResponseBodyAsync(OutputFormatterWriteContext context, Encoding selectedEncoding)&#xD;&#xA;   at Microsoft.AspNetCore.Mvc.Infrastructure.ResourceInvoker.&lt;InvokeNextResultFilterAsync&gt;g__Awaited|29_0[TFilter,TFilterAsync](ResourceInvoker invoker, Task lastTask, State next, Scope scope, Object state, Boolean isCompleted)&#xD;&#xA;   at Microsoft.AspNetCore.Mvc.Infrastructure.ResourceInvoker.Rethrow(ResultExecutedContextSealed context)&#xD;&#xA;   at Microsoft.AspNetCore.Mvc.Infrastructure.ResourceInvoker.ResultNext[TFilter,TFilterAsync](State&amp; next, Scope&amp; scope, Object&amp; state, Boolean&amp; isCompleted)&#xD;&#xA;   at Microsoft.AspNetCore.Mvc.Infrastructure.ResourceInvoker.InvokeResultFilters()&#xD;&#xA;--- End of stack trace from previous location where exception was thrown ---&#xD;&#xA;   at Microsoft.AspNetCore.Mvc.Infrastructure.ResourceInvoker.&lt;InvokeFilterPipelineAsync&gt;g__Awaited|19_0(ResourceInvoker invoker, Task lastTask, State next, Scope scope, Object state, Boolean isCompleted)&#xD;&#xA;   at Microsoft.AspNetCore.Mvc.Infrastructure.ResourceInvoker.&lt;InvokeAsync&gt;g__Awaited|17_0(ResourceInvoker invoker, Task task, IDisposable scope)&#xD;&#xA;   at Microsoft.AspNetCore.Routing.EndpointMiddleware.&lt;Invoke&gt;g__AwaitRequestTask|6_0(Endpoint endpoint, Task requestTask, ILogger logger)&#xD;&#xA;   at ElmahCore.Mvc.ErrorLogMiddleware.Invoke(HttpContext context, Func`1 next)" time="2020-08-25T10:31:19.8704023Z">
  <serverVariables>
    <item name="StreamId">
      <value string="1" />
    </item>
    <item name="InputRemaining">
      <value string="0" />
    </item>
    <item name="RequestBodyStarted">
      <value string="False" />
    </item>
    <item name="EndStreamReceived">
      <value string="True" />
    </item>
    <item name="ReceivedEmptyRequestBody">
      <value string="True" />
    </item>
    <item name="ConnectionIdFeature">
      <value string="0HM28S7QMRSPU" />
    </item>
    <item name="HasStartedConsumingRequestBody">
      <value string="False" />
    </item>
    <item name="MaxRequestBodySize">
      <value string="30000000" />
    </item>
    <item name="AllowSynchronousIO">
      <value string="True" />
    </item>
    <item name="TraceIdentifier">
      <value string="0HM28S7QMRSPU:00000001" />
    </item>
    <item name="IsUpgradableRequest">
      <value string="False" />
    </item>
    <item name="IsUpgraded">
      <value string="False" />
    </item>
    <item name="RemoteIpAddress">
      <value string="::1" />
    </item>
    <item name="RemotePort">
      <value string="51250" />
    </item>
    <item name="LocalIpAddress">
      <value string="::1" />
    </item>
    <item name="LocalPort">
      <value string="5001" />
    </item>
    <item name="Scheme">
      <value string="https" />
    </item>
    <item name="Method">
      <value string="Post" />
    </item>
    <item name="PathBase" />
    <item name="Path">
      <value string="/api/ExchangeOnline/UserById/76e4ae45-f9d7-4ebe-9515-28d9bd4b6528" />
    </item>
    <item name="QueryString">
      <value string="" />
    </item>
    <item name="RawTarget">
      <value string="/api/ExchangeOnline/UserById/76e4ae45-f9d7-4ebe-9515-28d9bd4b6528" />
    </item>
    <item name="HttpVersion">
      <value string="HTTP/2" />
    </item>
    <item name="Header_Accept">
      <value string="text/plain" />
    </item>
    <item name="Header_Accept-Encoding">
      <value string="gzip, deflate, br" />
    </item>
    <item name="Header_Accept-Language">
      <value string="en-US,en;q=0.9" />
    </item>
    <item name="Header_Host">
      <value string="localhost:5001" />
    </item>
    <item name="Header_Referer">
      <value string="https://localhost:5001/swagger/index.html" />
    </item>
    <item name="Header_User-Agent">
      <value string="Mozilla/5.0 (Windows NT 10.0; Win64; x64) AppleWebKit/537.36 (KHTML, like Gecko) Chrome/84.0.4147.125 Safari/537.36 Edg/84.0.522.59" />
    </item>
    <item name="Header_Origin">
      <value string="https://localhost:5001" />
    </item>
    <item name="Header_Content-Length">
      <value string="0" />
    </item>
    <item name="Header_:method">
      <value string="POST" />
    </item>
    <item name="Header_:authority">
      <value string="localhost:5001" />
    </item>
    <item name="Header_:scheme">
      <value string="https" />
    </item>
    <item name="Header_:path">
      <value string="/api/ExchangeOnline/UserById/76e4ae45-f9d7-4ebe-9515-28d9bd4b6528" />
    </item>
    <item name="Header_sec-fetch-site">
      <value string="same-origin" />
    </item>
    <item name="Header_sec-fetch-mode">
      <value string="cors" />
    </item>
    <item name="Header_sec-fetch-dest">
      <value string="empty" />
    </item>
    <item name="RequestTrailersAvailable">
      <value string="True" />
    </item>
    <item name="ResponseTrailers" />
    <item name="StatusCode">
      <value string="200" />
    </item>
    <item name="ReasonPhrase" />
    <item name="ResponseHeaders_Content-Type">
      <value string="application/json; charset=utf-8" />
    </item>
    <item name="HasResponseStarted">
      <value string="False" />
    </item>
    <item name="HasFlushedHeaders">
      <value string="False" />
    </item>
    <item name="HasResponseCompleted">
      <value string="False" />
    </item>
    <item name="User_ClaimsPrincipalSelector" />
    <item name="User_Current" />
    <item name="Connection_Id">
      <value string="0HM28S7QMRSPU" />
    </item>
    <item name="Connection_RemoteIpAddress">
      <value string="::1" />
    </item>
    <item name="Connection_RemotePort">
      <value string="51250" />
    </item>
    <item name="Connection_LocalIpAddress">
      <value string="::1" />
    </item>
    <item name="Connection_LocalPort">
      <value string="5001" />
    </item>
    <item name="Connection_ClientCertificate" />
    <item name="HttpStatusCode">
      <value string="0" />
    </item>
  </serverVariables>
</error>