﻿<error errorId="4b43176c-1fdf-4391-862d-8e7c5c977da4" application="ITOpsAutomation.O365Support.Api" host="LTCH-LR0D476B" type="Microsoft.Graph.ServiceException" message="Code: Request_BadRequest&#xD;&#xA;Message: The specified password does not comply with password complexity requirements. Please provide a different password.&#xD;&#xA;Inner error:&#xD;&#xA;	AdditionalData:&#xD;&#xA;	date: 2020-08-25T13:46:52&#xD;&#xA;	request-id: 24776b4e-1250-4c96-a608-30ab424b356f&#xD;&#xA;ClientRequestId: 24776b4e-1250-4c96-a608-30ab424b356f&#xD;&#xA;" source="ITOpsAutomation.O365Support.Business" detail="# caller: @C:\Sources\ElmahCore\ElmahCore\Internal$\CallerInfo.cs:10&#xD;&#xA;Status Code: BadRequest&#xD;&#xA;Microsoft.Graph.ServiceException: Code: Request_BadRequest&#xD;&#xA;Message: The specified password does not comply with password complexity requirements. Please provide a different password.&#xD;&#xA;Inner error:&#xD;&#xA;	AdditionalData:&#xD;&#xA;	date: 2020-08-25T13:46:52&#xD;&#xA;	request-id: 24776b4e-1250-4c96-a608-30ab424b356f&#xD;&#xA;ClientRequestId: 24776b4e-1250-4c96-a608-30ab424b356f&#xD;&#xA;&#xD;&#xA;   at ITOpsAutomation.O365Support.Business.Services.ExchangeOnlineService.CreateUser(AzureAD azureAD, User userInfo) in C:\Projects\IT-Operations-Automation\Code\o365-support-service\Code\ITOpsAutomation.O365Support.Business\Services\ExchangeOnlineService.cs:line 89&#xD;&#xA;   at ITOpsAutomation.O365Support.Api.Controllers.ExchangeOnlineController.CreateUser(User user) in C:\Projects\IT-Operations-Automation\Code\o365-support-service\Code\ITOpsAutomation.O365Support.Api\Controllers\ExchangeOnlineController.cs:line 45&#xD;&#xA;   at Microsoft.AspNetCore.Mvc.Infrastructure.ActionMethodExecutor.TaskOfIActionResultExecutor.Execute(IActionResultTypeMapper mapper, ObjectMethodExecutor executor, Object controller, Object[] arguments)&#xD;&#xA;   at Microsoft.AspNetCore.Mvc.Infrastructure.ControllerActionInvoker.&lt;InvokeActionMethodAsync&gt;g__Awaited|12_0(ControllerActionInvoker invoker, ValueTask`1 actionResultValueTask)&#xD;&#xA;   at Microsoft.AspNetCore.Mvc.Infrastructure.ControllerActionInvoker.&lt;InvokeNextActionFilterAsync&gt;g__Awaited|10_0(ControllerActionInvoker invoker, Task lastTask, State next, Scope scope, Object state, Boolean isCompleted)&#xD;&#xA;   at Microsoft.AspNetCore.Mvc.Infrastructure.ControllerActionInvoker.Rethrow(ActionExecutedContextSealed context)&#xD;&#xA;   at Microsoft.AspNetCore.Mvc.Infrastructure.ControllerActionInvoker.Next(State&amp; next, Scope&amp; scope, Object&amp; state, Boolean&amp; isCompleted)&#xD;&#xA;   at Microsoft.AspNetCore.Mvc.Infrastructure.ControllerActionInvoker.&lt;InvokeInnerFilterAsync&gt;g__Awaited|13_0(ControllerActionInvoker invoker, Task lastTask, State next, Scope scope, Object state, Boolean isCompleted)&#xD;&#xA;   at Microsoft.AspNetCore.Mvc.Infrastructure.ResourceInvoker.&lt;InvokeNextExceptionFilterAsync&gt;g__Awaited|25_0(ResourceInvoker invoker, Task lastTask, State next, Scope scope, Object state, Boolean isCompleted)&#xD;&#xA;   at Microsoft.AspNetCore.Mvc.Infrastructure.ResourceInvoker.Rethrow(ExceptionContextSealed context)&#xD;&#xA;   at Microsoft.AspNetCore.Mvc.Infrastructure.ResourceInvoker.Next(State&amp; next, Scope&amp; scope, Object&amp; state, Boolean&amp; isCompleted)&#xD;&#xA;   at Microsoft.AspNetCore.Mvc.Infrastructure.ResourceInvoker.&lt;InvokeFilterPipelineAsync&gt;g__Awaited|19_0(ResourceInvoker invoker, Task lastTask, State next, Scope scope, Object state, Boolean isCompleted)&#xD;&#xA;   at Microsoft.AspNetCore.Mvc.Infrastructure.ResourceInvoker.&lt;InvokeAsync&gt;g__Awaited|17_0(ResourceInvoker invoker, Task task, IDisposable scope)&#xD;&#xA;   at Microsoft.AspNetCore.Routing.EndpointMiddleware.&lt;Invoke&gt;g__AwaitRequestTask|6_0(Endpoint endpoint, Task requestTask, ILogger logger)&#xD;&#xA;   at ElmahCore.Mvc.ErrorLogMiddleware.Invoke(HttpContext context, Func`1 next)" time="2020-08-25T13:51:01.5920549Z">
  <serverVariables>
    <item name="StreamId">
      <value string="1" />
    </item>
    <item name="InputRemaining">
      <value string="0" />
    </item>
    <item name="RequestBodyStarted">
      <value string="True" />
    </item>
    <item name="EndStreamReceived">
      <value string="True" />
    </item>
    <item name="ReceivedEmptyRequestBody">
      <value string="False" />
    </item>
    <item name="ConnectionIdFeature">
      <value string="0HM28VNBIRQTN" />
    </item>
    <item name="HasStartedConsumingRequestBody">
      <value string="True" />
    </item>
    <item name="MaxRequestBodySize">
      <value string="30000000" />
    </item>
    <item name="AllowSynchronousIO">
      <value string="True" />
    </item>
    <item name="TraceIdentifier">
      <value string="0HM28VNBIRQTN:00000001" />
    </item>
    <item name="IsUpgradableRequest">
      <value string="False" />
    </item>
    <item name="IsUpgraded">
      <value string="False" />
    </item>
    <item name="RemoteIpAddress">
      <value string="::1" />
    </item>
    <item name="RemotePort">
      <value string="64031" />
    </item>
    <item name="LocalIpAddress">
      <value string="::1" />
    </item>
    <item name="LocalPort">
      <value string="5001" />
    </item>
    <item name="Scheme">
      <value string="https" />
    </item>
    <item name="Method">
      <value string="Post" />
    </item>
    <item name="PathBase" />
    <item name="Path">
      <value string="/api/ExchangeOnline/CreateUser" />
    </item>
    <item name="QueryString">
      <value string="" />
    </item>
    <item name="RawTarget">
      <value string="/api/ExchangeOnline/CreateUser" />
    </item>
    <item name="HttpVersion">
      <value string="HTTP/2" />
    </item>
    <item name="Header_Content-Type">
      <value string="application/json" />
    </item>
    <item name="Header_Accept">
      <value string="application/json" />
    </item>
    <item name="Header_Accept-Encoding">
      <value string="gzip, deflate, br" />
    </item>
    <item name="Header_Accept-Language">
      <value string="en-US,en;q=0.9" />
    </item>
    <item name="Header_Host">
      <value string="localhost:5001" />
    </item>
    <item name="Header_Referer">
      <value string="https://localhost:5001/swagger/index.html" />
    </item>
    <item name="Header_User-Agent">
      <value string="Mozilla/5.0 (Windows NT 10.0; Win64; x64) AppleWebKit/537.36 (KHTML, like Gecko) Chrome/84.0.4147.125 Safari/537.36 Edg/84.0.522.59" />
    </item>
    <item name="Header_Origin">
      <value string="https://localhost:5001" />
    </item>
    <item name="Header_Content-Length">
      <value string="378" />
    </item>
    <item name="Header_:method">
      <value string="POST" />
    </item>
    <item name="Header_:authority">
      <value string="localhost:5001" />
    </item>
    <item name="Header_:scheme">
      <value string="https" />
    </item>
    <item name="Header_:path">
      <value string="/api/ExchangeOnline/CreateUser" />
    </item>
    <item name="Header_sec-fetch-site">
      <value string="same-origin" />
    </item>
    <item name="Header_sec-fetch-mode">
      <value string="cors" />
    </item>
    <item name="Header_sec-fetch-dest">
      <value string="empty" />
    </item>
    <item name="RequestTrailersAvailable">
      <value string="True" />
    </item>
    <item name="ResponseTrailers" />
    <item name="StatusCode">
      <value string="200" />
    </item>
    <item name="ReasonPhrase" />
    <item name="HasResponseStarted">
      <value string="False" />
    </item>
    <item name="HasFlushedHeaders">
      <value string="False" />
    </item>
    <item name="HasResponseCompleted">
      <value string="False" />
    </item>
    <item name="User_ClaimsPrincipalSelector" />
    <item name="User_Current" />
    <item name="Connection_Id">
      <value string="0HM28VNBIRQTN" />
    </item>
    <item name="Connection_RemoteIpAddress">
      <value string="::1" />
    </item>
    <item name="Connection_RemotePort">
      <value string="64031" />
    </item>
    <item name="Connection_LocalIpAddress">
      <value string="::1" />
    </item>
    <item name="Connection_LocalPort">
      <value string="5001" />
    </item>
    <item name="Connection_ClientCertificate" />
    <item name="HttpStatusCode">
      <value string="0" />
    </item>
  </serverVariables>
</error>