﻿<error errorId="68a1b036-6226-4f0a-bf11-2a46b30c4086" application="ITOpsAutomation.O365Support.Api" host="LTCH-LR0D476B" type="System.ArgumentException" message="'authority' Uri should have at least one segment in the path (i.e. https://&lt;host&gt;/&lt;path&gt;/...) (Parameter 'authority')" source="Microsoft.IdentityModel.Clients.ActiveDirectory" detail="# caller: @C:\Sources\ElmahCore\ElmahCore\Internal$\CallerInfo.cs:10&#xD;&#xA;System.AggregateException: One or more errors occurred. ('authority' Uri should have at least one segment in the path (i.e. https://&lt;host&gt;/&lt;path&gt;/...) (Parameter 'authority'))&#xD;&#xA; ---&gt; System.ArgumentException: 'authority' Uri should have at least one segment in the path (i.e. https://&lt;host&gt;/&lt;path&gt;/...) (Parameter 'authority')&#xD;&#xA;   at Microsoft.IdentityModel.Clients.ActiveDirectory.Internal.Instance.Authenticator.DetectAuthorityType(String authority)&#xD;&#xA;   at Microsoft.IdentityModel.Clients.ActiveDirectory.Internal.Instance.Authenticator.Init(IServiceBundle serviceBundle, String authority, Boolean validateAuthority)&#xD;&#xA;   at Microsoft.IdentityModel.Clients.ActiveDirectory.Internal.Instance.Authenticator..ctor(IServiceBundle serviceBundle, String authority, Boolean validateAuthority)&#xD;&#xA;   at Microsoft.IdentityModel.Clients.ActiveDirectory.AuthenticationContext..ctor(IServiceBundle serviceBundle, String authority, AuthorityValidationType validateAuthority, TokenCache tokenCache, IHttpClientFactory httpClientFactory)&#xD;&#xA;   at Microsoft.IdentityModel.Clients.ActiveDirectory.AuthenticationContext..ctor(String authority)&#xD;&#xA;   at ITOpsAutomation.O365Support.Business.Services.MicrosoftGraphClient.GetAuthProvider(AzureAD azureAD) in C:\Projects\IT-Operations-Automation\Code\o365-support-service\Code\ITOpsAutomation.O365Support.Business\Services\MicrosoftGraphClient.cs:line 45&#xD;&#xA;   at ITOpsAutomation.O365Support.Business.Services.MicrosoftGraphClient.GetGraphServiceClient(AzureAD azureAD) in C:\Projects\IT-Operations-Automation\Code\o365-support-service\Code\ITOpsAutomation.O365Support.Business\Services\MicrosoftGraphClient.cs:line 34&#xD;&#xA;   at ITOpsAutomation.O365Support.Business.Services.ExchangeOnlineService.UserById(AzureAD azureAD, String id) in C:\Projects\IT-Operations-Automation\Code\o365-support-service\Code\ITOpsAutomation.O365Support.Business\Services\ExchangeOnlineService.cs:line 28&#xD;&#xA;   --- End of inner exception stack trace ---&#xD;&#xA;   at System.Threading.Tasks.Task.ThrowIfExceptional(Boolean includeTaskCanceledExceptions)&#xD;&#xA;   at System.Threading.Tasks.Task`1.GetResultCore(Boolean waitCompletionNotification)&#xD;&#xA;   at System.Threading.Tasks.Task`1.get_Result()&#xD;&#xA;   at System.Text.Json.JsonPropertyInfoCommon`4.GetValueAsObject(Object obj)&#xD;&#xA;   at System.Text.Json.JsonSerializer.Write(Utf8JsonWriter writer, Int32 originalWriterDepth, Int32 flushThreshold, JsonSerializerOptions options, WriteStack&amp; state)&#xD;&#xA;   at System.Text.Json.JsonSerializer.WriteAsyncCore(Stream utf8Json, Object value, Type inputType, JsonSerializerOptions options, CancellationToken cancellationToken)&#xD;&#xA;   at Microsoft.AspNetCore.Mvc.Formatters.SystemTextJsonOutputFormatter.WriteResponseBodyAsync(OutputFormatterWriteContext context, Encoding selectedEncoding)&#xD;&#xA;   at Microsoft.AspNetCore.Mvc.Formatters.SystemTextJsonOutputFormatter.WriteResponseBodyAsync(OutputFormatterWriteContext context, Encoding selectedEncoding)&#xD;&#xA;   at Microsoft.AspNetCore.Mvc.Infrastructure.ResourceInvoker.&lt;InvokeNextResultFilterAsync&gt;g__Awaited|29_0[TFilter,TFilterAsync](ResourceInvoker invoker, Task lastTask, State next, Scope scope, Object state, Boolean isCompleted)&#xD;&#xA;   at Microsoft.AspNetCore.Mvc.Infrastructure.ResourceInvoker.Rethrow(ResultExecutedContextSealed context)&#xD;&#xA;   at Microsoft.AspNetCore.Mvc.Infrastructure.ResourceInvoker.ResultNext[TFilter,TFilterAsync](State&amp; next, Scope&amp; scope, Object&amp; state, Boolean&amp; isCompleted)&#xD;&#xA;   at Microsoft.AspNetCore.Mvc.Infrastructure.ResourceInvoker.InvokeResultFilters()&#xD;&#xA;--- End of stack trace from previous location where exception was thrown ---&#xD;&#xA;   at Microsoft.AspNetCore.Mvc.Infrastructure.ResourceInvoker.&lt;InvokeFilterPipelineAsync&gt;g__Awaited|19_0(ResourceInvoker invoker, Task lastTask, State next, Scope scope, Object state, Boolean isCompleted)&#xD;&#xA;   at Microsoft.AspNetCore.Mvc.Infrastructure.ResourceInvoker.&lt;InvokeAsync&gt;g__Awaited|17_0(ResourceInvoker invoker, Task task, IDisposable scope)&#xD;&#xA;   at Microsoft.AspNetCore.Routing.EndpointMiddleware.&lt;Invoke&gt;g__AwaitRequestTask|6_0(Endpoint endpoint, Task requestTask, ILogger logger)&#xD;&#xA;   at ElmahCore.Mvc.ErrorLogMiddleware.Invoke(HttpContext context, Func`1 next)" time="2020-08-25T05:43:37.1352036Z">
  <serverVariables>
    <item name="StreamId">
      <value string="1" />
    </item>
    <item name="InputRemaining" />
    <item name="RequestBodyStarted">
      <value string="False" />
    </item>
    <item name="EndStreamReceived">
      <value string="True" />
    </item>
    <item name="ReceivedEmptyRequestBody">
      <value string="True" />
    </item>
    <item name="ConnectionIdFeature">
      <value string="0HM28N54BBS34" />
    </item>
    <item name="HasStartedConsumingRequestBody">
      <value string="False" />
    </item>
    <item name="MaxRequestBodySize">
      <value string="30000000" />
    </item>
    <item name="AllowSynchronousIO">
      <value string="True" />
    </item>
    <item name="TraceIdentifier">
      <value string="0HM28N54BBS34:00000001" />
    </item>
    <item name="IsUpgradableRequest">
      <value string="False" />
    </item>
    <item name="IsUpgraded">
      <value string="False" />
    </item>
    <item name="RemoteIpAddress">
      <value string="::1" />
    </item>
    <item name="RemotePort">
      <value string="64284" />
    </item>
    <item name="LocalIpAddress">
      <value string="::1" />
    </item>
    <item name="LocalPort">
      <value string="5001" />
    </item>
    <item name="Scheme">
      <value string="https" />
    </item>
    <item name="Method">
      <value string="Get" />
    </item>
    <item name="PathBase" />
    <item name="Path">
      <value string="/api/ExchangeOnline/UserById/76e4ae45-f9d7-4ebe-9515-28d9bd4b6528" />
    </item>
    <item name="QueryString">
      <value string="" />
    </item>
    <item name="RawTarget">
      <value string="/api/ExchangeOnline/UserById/76e4ae45-f9d7-4ebe-9515-28d9bd4b6528" />
    </item>
    <item name="HttpVersion">
      <value string="HTTP/2" />
    </item>
    <item name="Header_Accept">
      <value string="text/plain" />
    </item>
    <item name="Header_Accept-Encoding">
      <value string="gzip, deflate, br" />
    </item>
    <item name="Header_Accept-Language">
      <value string="en-US,en;q=0.9" />
    </item>
    <item name="Header_Host">
      <value string="localhost:5001" />
    </item>
    <item name="Header_Referer">
      <value string="https://localhost:5001/swagger/index.html" />
    </item>
    <item name="Header_User-Agent">
      <value string="Mozilla/5.0 (Windows NT 10.0; Win64; x64) AppleWebKit/537.36 (KHTML, like Gecko) Chrome/84.0.4147.125 Safari/537.36 Edg/84.0.522.59" />
    </item>
    <item name="Header_:method">
      <value string="GET" />
    </item>
    <item name="Header_:authority">
      <value string="localhost:5001" />
    </item>
    <item name="Header_:scheme">
      <value string="https" />
    </item>
    <item name="Header_:path">
      <value string="/api/ExchangeOnline/UserById/76e4ae45-f9d7-4ebe-9515-28d9bd4b6528" />
    </item>
    <item name="Header_sec-fetch-site">
      <value string="same-origin" />
    </item>
    <item name="Header_sec-fetch-mode">
      <value string="cors" />
    </item>
    <item name="Header_sec-fetch-dest">
      <value string="empty" />
    </item>
    <item name="RequestTrailersAvailable">
      <value string="True" />
    </item>
    <item name="ResponseTrailers" />
    <item name="StatusCode">
      <value string="200" />
    </item>
    <item name="ReasonPhrase" />
    <item name="ResponseHeaders_Content-Type">
      <value string="application/json; charset=utf-8" />
    </item>
    <item name="HasResponseStarted">
      <value string="False" />
    </item>
    <item name="HasFlushedHeaders">
      <value string="False" />
    </item>
    <item name="HasResponseCompleted">
      <value string="False" />
    </item>
    <item name="User_ClaimsPrincipalSelector" />
    <item name="User_Current" />
    <item name="Connection_Id">
      <value string="0HM28N54BBS34" />
    </item>
    <item name="Connection_RemoteIpAddress">
      <value string="::1" />
    </item>
    <item name="Connection_RemotePort">
      <value string="64284" />
    </item>
    <item name="Connection_LocalIpAddress">
      <value string="::1" />
    </item>
    <item name="Connection_LocalPort">
      <value string="5001" />
    </item>
    <item name="Connection_ClientCertificate" />
    <item name="HttpStatusCode">
      <value string="0" />
    </item>
  </serverVariables>
</error>