﻿<error errorId="400aec7f-eec6-4fda-b4c8-89624c5c495c" application="ITOpsAutomation.O365Support.Api" host="LTCH-LR0D476B" type="HTTP" message="NotFound" detail="# caller: @C:\Sources\ElmahCore\ElmahCore\Internal$\CallerInfo.cs:10&#xD;&#xA;ElmahCore.HttpException: NotFound" time="2020-08-25T04:00:09.8712830Z" statusCode="404">
  <serverVariables>
    <item name="StreamId">
      <value string="1" />
    </item>
    <item name="InputRemaining" />
    <item name="RequestBodyStarted">
      <value string="False" />
    </item>
    <item name="EndStreamReceived">
      <value string="True" />
    </item>
    <item name="ReceivedEmptyRequestBody">
      <value string="True" />
    </item>
    <item name="ConnectionIdFeature">
      <value string="0HM28LDE23IB3" />
    </item>
    <item name="HasStartedConsumingRequestBody">
      <value string="False" />
    </item>
    <item name="MaxRequestBodySize">
      <value string="30000000" />
    </item>
    <item name="AllowSynchronousIO">
      <value string="True" />
    </item>
    <item name="TraceIdentifier">
      <value string="0HM28LDE23IB3:00000001" />
    </item>
    <item name="IsUpgradableRequest">
      <value string="False" />
    </item>
    <item name="IsUpgraded">
      <value string="False" />
    </item>
    <item name="RemoteIpAddress">
      <value string="::1" />
    </item>
    <item name="RemotePort">
      <value string="58226" />
    </item>
    <item name="LocalIpAddress">
      <value string="::1" />
    </item>
    <item name="LocalPort">
      <value string="5001" />
    </item>
    <item name="Scheme">
      <value string="https" />
    </item>
    <item name="Method">
      <value string="Get" />
    </item>
    <item name="PathBase" />
    <item name="Path">
      <value string="/" />
    </item>
    <item name="QueryString">
      <value string="" />
    </item>
    <item name="RawTarget">
      <value string="/" />
    </item>
    <item name="HttpVersion">
      <value string="HTTP/2" />
    </item>
    <item name="Header_Accept">
      <value string="text/html,application/xhtml+xml,application/xml;q=0.9,image/webp,image/apng,*/*;q=0.8,application/signed-exchange;v=b3;q=0.9" />
    </item>
    <item name="Header_Accept-Encoding">
      <value string="gzip, deflate, br" />
    </item>
    <item name="Header_Accept-Language">
      <value string="en-US,en;q=0.9" />
    </item>
    <item name="Header_Host">
      <value string="localhost:5001" />
    </item>
    <item name="Header_User-Agent">
      <value string="Mozilla/5.0 (Windows NT 10.0; Win64; x64) AppleWebKit/537.36 (KHTML, like Gecko) Chrome/84.0.4147.125 Safari/537.36 Edg/84.0.522.59" />
    </item>
    <item name="Header_Upgrade-Insecure-Requests">
      <value string="1" />
    </item>
    <item name="Header_:method">
      <value string="GET" />
    </item>
    <item name="Header_:authority">
      <value string="localhost:5001" />
    </item>
    <item name="Header_:scheme">
      <value string="https" />
    </item>
    <item name="Header_:path">
      <value string="/" />
    </item>
    <item name="Header_sec-fetch-site">
      <value string="none" />
    </item>
    <item name="Header_sec-fetch-mode">
      <value string="navigate" />
    </item>
    <item name="Header_sec-fetch-dest">
      <value string="document" />
    </item>
    <item name="RequestTrailersAvailable">
      <value string="True" />
    </item>
    <item name="ResponseTrailers" />
    <item name="StatusCode">
      <value string="404" />
    </item>
    <item name="ReasonPhrase" />
    <item name="HasResponseStarted">
      <value string="False" />
    </item>
    <item name="HasFlushedHeaders">
      <value string="False" />
    </item>
    <item name="HasResponseCompleted">
      <value string="False" />
    </item>
    <item name="User_ClaimsPrincipalSelector" />
    <item name="User_Current" />
    <item name="Connection_Id">
      <value string="0HM28LDE23IB3" />
    </item>
    <item name="Connection_RemoteIpAddress">
      <value string="::1" />
    </item>
    <item name="Connection_RemotePort">
      <value string="58226" />
    </item>
    <item name="Connection_LocalIpAddress">
      <value string="::1" />
    </item>
    <item name="Connection_LocalPort">
      <value string="5001" />
    </item>
    <item name="Connection_ClientCertificate" />
    <item name="HttpStatusCode">
      <value string="404" />
    </item>
  </serverVariables>
</error>